Scenario,Model,pearson_top20_de,mse_top20_de,pearson_all,mse_all,n_perturbations
Task_1_K562_OOD_Test,Control Mean,0.9053309639407829,0.14720371051377,0.9934462438543121,0.004023614391029129,308
Task_1_K562_OOD_Test,Mean Shift,0.9110381603724771,0.13084129690851823,0.993844760702802,0.0037432491434239118,308
Task_1_K562_OOD_Test,BioTransferNet (De Novo),0.9162303527163995,0.11476506735802955,0.9938126070932909,0.003736413018392435,308
Task_2_RPE1_Transfer_TrainPerts,Control Mean,0.8152002685856746,0.550246835080786,0.9798639705440877,0.012095506646360187,1542
Task_2_RPE1_Transfer_TrainPerts,Mean Shift,0.8271125730431498,0.5008958448706032,0.9812103013970663,0.011167315331771765,1542
Task_2_RPE1_Transfer_TrainPerts,Naive K562 Shift Copy,0.8616785722194015,0.3971188279245068,0.9794122613821512,0.012267193470224824,1542
Task_2_RPE1_Transfer_TrainPerts,BioTransferNet (De Novo),0.8429068795486261,0.455402267268157,0.9815616345204577,0.010992824058831323,1542
Task_2_RPE1_Transfer_TrainPerts,BioTransferTranslator (Screen Translation),0.9922300133027919,0.01004310083652855,0.9965012835002904,0.0020124778800893724,1542
Task_3_RPE1_Dual_ZeroShot_TestPerts,Control Mean,0.8127335649128858,0.5300745586456441,0.9803177120236607,0.011804949346271739,308
Task_3_RPE1_Dual_ZeroShot_TestPerts,Mean Shift,0.8239983809361984,0.4838320321143399,0.9815580763600089,0.010946526363255401,308
Task_3_RPE1_Dual_ZeroShot_TestPerts,Naive K562 Shift Copy,0.8612598440089783,0.38171897495358986,0.9793894306405798,0.012308863040767368,308
Task_3_RPE1_Dual_ZeroShot_TestPerts,BioTransferNet (De Novo),0.8299448238564776,0.4668966248486336,0.9812468793485072,0.011209550113137508,308
Task_3_RPE1_Dual_ZeroShot_TestPerts,BioTransferTranslator (Screen Translation),0.942631053847152,0.11517872750704697,0.9866421274937592,0.00785320490793712,308
