pearson_all,mse_all,pearson_top20_de,mse_top20_de,perturbation
0.9768697023391724,0.014707546681165695,0.792250394821167,0.6453819274902344,NELFE
0.9836347103118896,0.009683651849627495,0.8933119177818298,0.337077796459198,ANAPC2
0.9912164211273193,0.005305166821926832,0.9547650814056396,0.12809784710407257,SP2
0.9615186452865601,0.021935677155852318,0.5327625274658203,0.493480384349823,SSRP1
0.9946125745773315,0.0031608399003744125,0.9870963096618652,0.06025927513837814,MRPS22
0.996256411075592,0.0021928627975285053,0.9643344283103943,0.011998502537608147,TM7SF2
0.9738823175430298,0.015108903869986534,0.6221829652786255,2.167506217956543,TIMM23B
0.9724214673042297,0.01754557155072689,0.8487208485603333,0.685295820236206,SRP19
0.9841306209564209,0.009784962050616741,0.9040336012840271,0.23911245167255402,USPL1
0.9682844877243042,0.018574003130197525,0.9068873524665833,0.7487572431564331,TERF2
0.9919081330299377,0.0047693029046058655,0.945809006690979,0.1288720816373825,CYC1
0.9952638745307922,0.0027721989899873734,0.9739755392074585,0.056836824864149094,RSL1D1
0.977049708366394,0.013233333826065063,0.9449383020401001,0.33583176136016846,CHAF1B
0.9761179685592651,0.013666003942489624,0.8738164901733398,0.4973582327365875,CLP1
0.99078768491745,0.005276715848594904,0.9397755861282349,0.16344107687473297,GTF2A2
0.9926198124885559,0.004270582925528288,0.9649463295936584,0.06775204837322235,TXN
0.9849982857704163,0.00865829549729824,0.9885093569755554,0.1262560784816742,PPRC1
0.969586968421936,0.017567111179232597,0.7497978806495667,0.28694474697113037,PGPEP1
0.9825287461280823,0.010793342255055904,0.9520280361175537,0.41581687331199646,PIK3R4
0.9892472624778748,0.006190599873661995,0.7793703079223633,0.21036770939826965,GOLT1B
0.9960198998451233,0.0023549196776002645,0.9882819056510925,0.06799502670764923,MRPS21
0.9897922277450562,0.005792888812720776,0.9454173445701599,0.13049760460853577,POLR2F
0.9939359426498413,0.003512635361403227,0.9564048051834106,0.19630785286426544,WNK1
0.9705889225006104,0.016910364851355553,0.757001519203186,0.5493065118789673,THOC5
0.9901859760284424,0.005762211978435516,0.941336989402771,0.03853330388665199,PEF1
0.9913920164108276,0.005006828811019659,0.79872727394104,0.31921711564064026,CIAO1
0.9448633790016174,0.03199499845504761,0.7177613377571106,0.8747986555099487,RPS5
0.9890903830528259,0.006629546172916889,0.9945656061172485,0.0814322829246521,HIST1H2AI
0.9937750101089478,0.0036263279616832733,0.9286129474639893,0.03377772495150566,TIGD1
0.9782139658927917,0.012735260650515556,0.8734623789787292,0.3797062933444977,SLBP
0.9902245402336121,0.005751024466007948,0.9772235155105591,0.0807863250374794,NSMCE1
0.9948112964630127,0.0030133521649986506,0.9873504042625427,0.030031118541955948,NUS1
0.9605220556259155,0.022777488455176353,0.9044252038002014,0.3600181043148041,RPAP2
0.9249330759048462,0.046705782413482666,0.7949948906898499,0.5426331758499146,RBM22
0.9873896837234497,0.007430046331137419,0.9398919343948364,0.12159309536218643,SUMO2
0.9694247245788574,0.017346488311886787,0.7901058793067932,0.8198264837265015,RPA2
0.9941116571426392,0.003437099978327751,0.9768478274345398,0.1256958544254303,VARS2
0.9739514589309692,0.015043631196022034,0.8127683997154236,0.4927804470062256,BUB3
0.9722952246665955,0.016517771407961845,0.8149042129516602,0.2681538164615631,POLR2A
0.9537131786346436,0.030106788501143456,0.7959909439086914,1.0776169300079346,SNRNP200
0.987477719783783,0.00748406583443284,0.8572625517845154,0.4141544699668884,SNAPC4
0.9917191863059998,0.0048880684189498425,0.856011688709259,0.04902978986501694,ZNF24
0.9712800979614258,0.01776186190545559,0.6632515788078308,0.8753277659416199,FXN
0.9393019080162048,0.03383929282426834,0.5399175882339478,1.1797106266021729,RBM8A
0.9784692525863647,0.012809369713068008,0.8627504110336304,0.2967122495174408,GSPT1
0.9937099814414978,0.0037106445524841547,0.9874281287193298,0.06608279049396515,MRPS31
0.9866225719451904,0.0093459477648139,0.9799978733062744,0.07045111805200577,BCR
0.9684141278266907,0.018652452155947685,0.7935088872909546,0.839275062084198,SYS1
0.9768735766410828,0.013881757855415344,0.8682295680046082,0.536541759967804,ILF3
0.9729030132293701,0.01725480891764164,0.9653900861740112,0.7638971209526062,INO80
0.9693971276283264,0.018496347591280937,0.7672033905982971,0.7478610873222351,POLA1
0.9790138602256775,0.012117995880544186,0.9548709392547607,0.5117901563644409,PIAS4
0.9960113167762756,0.0023149955086410046,0.9396080374717712,0.032105475664138794,NCOA4
0.9679465293884277,0.019907550886273384,0.6614838242530823,0.7433295249938965,GNL2
0.9941186308860779,0.003447426250204444,0.9472864270210266,0.02679373323917389,PSMD9
0.9881212711334229,0.006983700208365917,0.9080356359481812,0.1865442991256714,CCDC137
0.9888256192207336,0.006667349487543106,0.9712455868721008,0.12615966796875,CCP110
0.9787084460258484,0.011931906454265118,0.7784537672996521,0.24726304411888123,TAF7
0.9778956770896912,0.01299536507576704,0.6959155201911926,0.4647459089756012,DBR1
0.9774182438850403,0.013179096393287182,0.829231858253479,0.6110537052154541,NUP214
0.9918469190597534,0.004789669066667557,0.8638347387313843,0.05960118770599365,LURAP1
0.9784431457519531,0.012311959639191628,0.7383666038513184,0.48080945014953613,KIF18B
0.9927231073379517,0.004476755391806364,0.9606221914291382,0.13479696214199066,LETM1
0.9874697327613831,0.007497965358197689,0.9885404706001282,0.12540380656719208,PPP1CB
0.9716016054153442,0.016964640468358994,0.7411403656005859,0.6283799409866333,NARS
0.9786931276321411,0.01362986396998167,0.7798714637756348,0.3374313712120056,RPS14
0.9492807984352112,0.029242584481835365,0.8986248970031738,0.8594319224357605,PNO1
0.9841366410255432,0.009340091608464718,0.9628558158874512,0.15641255676746368,SPTLC1
0.9737920165061951,0.015513766556978226,0.885586678981781,0.045182958245277405,PPY
0.9646155834197998,0.02202625758945942,0.6554960608482361,0.9285414814949036,RPL35A
0.989465594291687,0.0062346248887479305,0.9336239695549011,0.06591977179050446,SCD
0.9954334497451782,0.002658225828781724,0.9835573434829712,0.030736109241843224,TMEM127
0.9933288097381592,0.003884610952809453,0.983844518661499,0.026494521647691727,TFRC
0.9349156022071838,0.0355503112077713,0.5439533591270447,1.6195882558822632,PSMA4
0.9797096848487854,0.01256170030683279,0.7874588966369629,0.46880143880844116,SLC35B1
0.9573792219161987,0.02575884386897087,0.6616711020469666,1.0647494792938232,RPL18A
0.9908491373062134,0.005367931444197893,0.9271663427352905,0.046430353075265884,HIST1H2BJ
0.9511249661445618,0.029427383095026016,0.775403618812561,0.918183445930481,RPS27A
0.9901151061058044,0.006202064920216799,0.9179930686950684,0.22213104367256165,SRP14
0.9989190697669983,0.0006433443631976843,0.9874324798583984,0.00552795547991991,ANAPC15
0.9918784499168396,0.004781199153512716,0.9276145100593567,0.12747159600257874,SBDS
0.9918278455734253,0.004794830456376076,0.9517174363136292,0.09204187989234924,PPP1R8
0.9617689251899719,0.022381143644452095,0.5044983625411987,0.9302821159362793,SDAD1
0.9609611630439758,0.02447396144270897,0.8267492651939392,0.9268518686294556,RRP9
0.9710307717323303,0.017037229612469673,0.5636022686958313,0.8507022857666016,COPS4
0.9971759915351868,0.0016530442517250776,0.9901580810546875,0.020530259236693382,SOD2
0.990445613861084,0.0056336079724133015,0.91300368309021,0.07225281745195389,SEC63
0.9734640121459961,0.015390850603580475,0.7371426224708557,0.6645685434341431,EIF5A
0.9676388502120972,0.01901622861623764,0.8678160905838013,0.19924938678741455,CARS
0.953927755355835,0.028888937085866928,0.8608338236808777,0.9756174087524414,CCT5
0.9934174418449402,0.0039007195737212896,0.9570931196212769,0.09170060604810715,TIMM13
0.9716120958328247,0.016787618398666382,0.617252767086029,0.6371110081672668,SMN2
0.9632582068443298,0.020662978291511536,0.7809624075889587,0.8048814535140991,MED20
0.9793640375137329,0.012092318385839462,0.8757478594779968,0.2308402955532074,EXOSC2
0.981570303440094,0.01096346415579319,0.8690195083618164,0.31203538179397583,UQCRFS1
0.9950812458992004,0.0028803041204810143,0.9856910109519958,0.016870947554707527,POU5F1B
0.9932283759117126,0.004086398985236883,0.9666787385940552,0.128775954246521,DDB1
0.9909926652908325,0.005340426228940487,0.8638907670974731,0.2263462096452713,YEATS4
0.9814062118530273,0.01220068708062172,0.6054312586784363,0.43481287360191345,ELP3
0.996440589427948,0.002080921083688736,0.9915210604667664,0.05078820139169693,ZNF574
0.9972830414772034,0.0016002411721274257,0.9567266702651978,0.025757595896720886,PPME1
0.9933496117591858,0.003930945880711079,0.8471391797065735,0.09571849554777145,ADRM1
0.9927178025245667,0.0043949284590780735,0.98868328332901,0.07992629706859589,MRPS11
0.981223464012146,0.01089604664593935,0.846258819103241,0.3813285231590271,TADA3
0.9844187498092651,0.009247307665646076,0.8148937821388245,0.60703045129776,FEN1
0.9908233284950256,0.005399874411523342,0.9657770991325378,0.19315114617347717,SSBP1
0.985227108001709,0.00895899161696434,0.8649629950523376,0.31232717633247375,ALG13
0.9822494983673096,0.010571819730103016,0.9160653352737427,0.38847020268440247,TRIAP1
0.982975423336029,0.010954647324979305,0.7619550824165344,0.39495378732681274,ATP2A2
0.9948227405548096,0.003013117238879204,0.9742733240127563,0.027033593505620956,ARMC6
0.996104896068573,0.002344224601984024,0.9803008437156677,0.06264938414096832,GOLGA6L1
0.9468845129013062,0.030071977525949478,0.8876476883888245,0.24346478283405304,PSMA5
0.9481378197669983,0.032921843230724335,0.7182515263557434,1.1719434261322021,AAMP
0.998511016368866,0.000874034536536783,0.9953659772872925,0.007184038870036602,DDX19B
0.9942600727081299,0.0034475307911634445,0.9578542113304138,0.058254681527614594,CEP97
0.9640193581581116,0.021948687732219696,0.8224345445632935,0.7138102650642395,RPP30
0.9951955676078796,0.002813317347317934,0.8991819024085999,0.08989869058132172,CDIPT
0.9763897061347961,0.013658898882567883,0.7982038259506226,0.5043408870697021,USP8
0.9752864241600037,0.015678513795137405,0.8495407700538635,0.4856966435909271,RPL24
0.9818788170814514,0.011192210018634796,0.8203083872795105,0.2970869839191437,TBCC
0.9969075322151184,0.0017993026413023472,0.8415805101394653,0.18950983881950378,CPAMD8
0.9963160157203674,0.002118149772286415,0.9928824305534363,0.030228927731513977,SNW1
0.9916471242904663,0.00494046788662672,0.9179808497428894,0.1144048422574997,PCBP1
0.9903084635734558,0.005608028266578913,0.9733296036720276,0.12129183113574982,GIT2
0.9852039813995361,0.008710549212992191,0.8656395077705383,0.10043839365243912,NMT1
0.9941115379333496,0.0035479767248034477,0.9804605841636658,0.09729360789060593,MRPL37
0.9673709273338318,0.018927987664937973,0.8440648913383484,0.6022598743438721,RNF113A
0.9176862835884094,0.046465661376714706,0.8339698314666748,0.6513198018074036,TAF1
0.9711029529571533,0.0182344987988472,0.7903841137886047,0.4966285824775696,PES1
0.984792172908783,0.009369744919240475,0.9119247198104858,0.4589396119117737,SRF
0.9418741464614868,0.032945554703474045,0.3629072308540344,1.5589350461959839,MED22
0.9696240425109863,0.017951376736164093,0.9269375801086426,0.2454797476530075,MRPL21
0.9933168292045593,0.0039022297132760286,0.947422206401825,0.04013778641819954,CPOX
0.9967181086540222,0.0019104842795059085,0.9749892950057983,0.05329170823097229,PSMG3
0.9878988265991211,0.007195737678557634,0.9148433804512024,0.22520509362220764,SDHC
0.9871523976325989,0.007975048385560513,0.8461430072784424,0.1930600106716156,EXOC3
0.9781398177146912,0.012813330627977848,0.6094167828559875,0.4063372015953064,U2AF2
0.9723588824272156,0.01623689942061901,0.7966315746307373,0.49798113107681274,PSMG1
0.9752877354621887,0.014146099798381329,0.9101719260215759,0.14897987246513367,SNRPF
0.9793807864189148,0.01193888671696186,0.9067232012748718,0.3647863268852234,SRSF2
0.993330717086792,0.0038928661961108446,0.9281103610992432,0.05024241283535957,LPA
0.9962455034255981,0.002196619752794504,0.6938344240188599,0.11144224554300308,COPG1
0.9647829532623291,0.019395137205719948,0.8493039011955261,0.34308844804763794,TAF10
0.9906917214393616,0.0055700065568089485,0.9577834606170654,0.06360667943954468,ZNF676
0.9805839657783508,0.011518515646457672,0.8751547336578369,0.07353123277425766,SET
0.9846545457839966,0.00875538308173418,0.8940291404724121,0.15149125456809998,TELO2
0.9850690960884094,0.009049639105796814,0.8983717560768127,0.4187576174736023,MAD2L1
0.953329861164093,0.02835964970290661,0.8764103055000305,1.0941071510314941,SPDL1
0.9882299304008484,0.006694928742945194,0.8839834928512573,0.22873421013355255,BGLAP
0.9947980642318726,0.0030426522716879845,0.9869558811187744,0.06518237292766571,RARS2
0.9968796372413635,0.001813430804759264,0.9720939993858337,0.05163139849901199,PKM
0.9459736943244934,0.03252604603767395,0.8491072058677673,0.8536314964294434,SRFBP1
0.994486927986145,0.00318994396366179,0.9885614514350891,0.03817862644791603,COX5B
0.9959859848022461,0.0023294833954423666,0.9551637172698975,0.062091220170259476,PCID2
0.9933425188064575,0.003993491642177105,0.9829984903335571,0.08739583194255829,MRPL51
0.9940506815910339,0.0034772197250276804,0.9865853786468506,0.07332129776477814,MRPS2
0.9961796402931213,0.002302627544850111,0.9924341440200806,0.028510119765996933,C6orf15
0.989346444606781,0.006358076352626085,0.9189199805259705,0.22232270240783691,ALG1
0.9329555630683899,0.040169358253479004,0.763183057308197,1.3771488666534424,MED31
0.9879492521286011,0.007053364533931017,0.9467809200286865,0.08952651172876358,PGK1
0.9403896927833557,0.033732540905475616,0.7945902347564697,1.1609119176864624,MED18
0.995003342628479,0.0028910664841532707,0.9671593904495239,0.4332723021507263,CMPK1
0.9743143916130066,0.015216203406453133,0.9101197123527527,0.18534114956855774,CCNA2
0.9955558180809021,0.002616737736389041,0.9294676184654236,0.03234219178557396,FOXL2
0.9843486547470093,0.009426174685359001,0.8491570949554443,0.19233836233615875,METTL16
0.9382778406143188,0.03536689653992653,0.3408210575580597,1.136233925819397,GOSR2
0.97176194190979,0.016674816608428955,0.8026379942893982,0.07603566348552704,FDPS
0.9822516441345215,0.010660438798367977,0.9438490867614746,0.3644128441810608,ZMAT5
0.995131254196167,0.0028826913330703974,0.9857680797576904,0.17397037148475647,PTPMT1
0.9686350226402283,0.019171172752976418,0.9253979325294495,0.7737013697624207,NAA38
0.9773927927017212,0.014149581082165241,0.8469738364219666,0.4870910048484802,GINS4
0.9967719316482544,0.001872557564638555,0.9005392789840698,0.018162745982408524,VPS37C
0.9851728081703186,0.009458888322114944,0.8604563474655151,0.3278368413448334,FNBP4
0.9908635020256042,0.005311293993145227,0.9354674816131592,0.1256525069475174,NAA25
0.9987937808036804,0.0007046631653793156,0.9699342846870422,0.0077752405777573586,BCAR1
0.9734954237937927,0.016291217878460884,0.7493045330047607,0.43917185068130493,OGFOD1
0.9941620826721191,0.0033916886895895004,0.99297034740448,0.12919354438781738,PGS1
0.9919350147247314,0.00478316331282258,0.9694227576255798,0.06746821850538254,HIST1H2BE
0.9637972116470337,0.021165642887353897,0.850580632686615,0.7470887303352356,EIF1AD
0.9549535512924194,0.028523646295070648,0.9133105874061584,0.9933433532714844,RRP15
0.967734694480896,0.019142059609293938,0.4523322284221649,0.8467245101928711,COPS2
0.9939533472061157,0.0035702227614820004,0.866254985332489,0.0859624370932579,C9orf78
0.9899281859397888,0.0058922963216900826,0.9766241312026978,0.06073463708162308,EEF1B2
0.9953908324241638,0.002709388267248869,0.9429826140403748,0.11586736142635345,ZNF506
0.9947758316993713,0.0030421249102801085,0.9742308855056763,0.04849516227841377,NDUFA11
0.9951754808425903,0.002836366882547736,0.9531799554824829,0.10117002576589584,SRCAP
0.9711894392967224,0.017337927594780922,0.6963316202163696,0.6927627325057983,RPL4
0.9960283041000366,0.0023565602023154497,0.9898697733879089,0.025812799111008644,CYCS
0.9963591694831848,0.0021359948441386223,0.9244561195373535,0.01879012957215309,MYO1H
0.9941679835319519,0.0035938809160143137,0.942621111869812,0.1304187774658203,CHORDC1
0.953079342842102,0.02769903466105461,0.6578779816627502,0.5439583659172058,RPS11
0.9961548447608948,0.002255046274513006,0.9692932963371277,0.02358643338084221,CCNB1
0.9813413619995117,0.010870969854295254,0.8655353784561157,0.3863755762577057,HAUS1
0.9949896335601807,0.0029348290991038084,0.977444052696228,0.12135646492242813,JAZF1
0.9554100036621094,0.027999751269817352,0.6890924572944641,1.0993459224700928,RPL23
0.9931133389472961,0.003979063592851162,0.9862204194068909,0.04604693129658699,THAP11
0.9968425631523132,0.0018643999937921762,0.9799533486366272,0.014883127994835377,ZNF468
0.9945799112319946,0.0031745797023177147,0.9349792003631592,0.04982994869351387,MOCS3
0.9922573566436768,0.004553239792585373,0.9233033657073975,0.055327534675598145,DHPS
0.963703989982605,0.022890953347086906,0.8027962446212769,1.1987063884735107,STIL
0.9620780348777771,0.02324710041284561,0.6611676812171936,1.0070501565933228,RPL37A
0.9754173755645752,0.014206845313310623,0.5813901424407959,0.6134293675422668,RINT1
0.9801942706108093,0.011468540877103806,0.8887775540351868,0.47436094284057617,DHX33
0.9831582903862,0.010046631097793579,0.8485532999038696,0.4015178680419922,TUBGCP6
0.9969697594642639,0.0017475347267463803,0.9440165162086487,0.02535688318312168,MKRN1
0.9692106246948242,0.01876681111752987,0.8473652601242065,0.6793896555900574,SNRPG
0.9741788506507874,0.016511885449290276,0.6813952326774597,0.4899633824825287,XRCC6
0.9806044101715088,0.011399680748581886,0.9292915463447571,0.3226625621318817,MIS12
0.9744133949279785,0.014764061197638512,0.7972574234008789,0.5987003445625305,BRIX1
0.9911289215087891,0.005231741815805435,0.9465277791023254,0.41086307168006897,PPP2R3C
0.9638373255729675,0.021979933604598045,0.8522348999977112,0.8326040506362915,UTP18
0.9970201253890991,0.0017186744371429086,0.9887128472328186,0.017173632979393005,DCTN1
0.993646502494812,0.0037499903701245785,0.9473675489425659,0.07524015009403229,RPL36AL
0.9643890857696533,0.022320862859487534,0.9037674069404602,0.761509895324707,DDX10
0.9624689221382141,0.02159002237021923,0.8654488921165466,0.6466795206069946,RPS3A
0.9960355162620544,0.002315896563231945,0.9288256168365479,0.03727366030216217,PSME2
0.9942508935928345,0.003367230063304305,0.9877728223800659,0.02283189631998539,PELO
0.9686790704727173,0.018221354112029076,0.4894561171531677,0.5056067705154419,SNRPA1
0.9733474850654602,0.01571682281792164,0.9229589700698853,0.49757084250450134,HSF1
0.9976125359535217,0.00138760672416538,0.9198653101921082,0.03159736841917038,ASF1B
0.9635125994682312,0.02233951911330223,0.8836429119110107,0.995719313621521,PAFAH1B1
0.9949003458023071,0.0032945030834525824,0.9765504598617554,0.11268891394138336,HIRA
0.9789648056030273,0.01281576044857502,0.9127726554870605,0.3143428564071655,POLR3K
0.8675448298454285,0.08864545822143555,0.34310048818588257,1.6547973155975342,NAT10
0.9910414814949036,0.0051845768466591835,0.9615678787231445,0.12871505320072174,C19orf25
0.9894865155220032,0.006222848780453205,0.6986466646194458,0.14186543226242065,HLA-C
0.9842690229415894,0.008778320625424385,0.7916231155395508,0.1873219609260559,TPR
0.9900850653648376,0.006004127208143473,0.8764355182647705,0.1282452642917633,ZNF720
0.9741408824920654,0.015755217522382736,0.8716879487037659,0.5456594228744507,RBBP8
0.989978551864624,0.005940595641732216,0.9638326168060303,0.09754650294780731,HNRNPU
0.9976288080215454,0.0013857354642823339,0.9395437836647034,0.017883840948343277,RNF14
0.9983226656913757,0.0009742536349222064,0.9906419515609741,0.008211059495806694,CACNB3
0.9665032029151917,0.02033645659685135,0.8223246932029724,0.5368263125419617,RPS9
0.9959324598312378,0.0024062618613243103,0.9816843867301941,0.019712969660758972,KLC2
0.996004581451416,0.002326196525245905,0.9548825621604919,0.01861351728439331,DPH6
0.9634637832641602,0.0228158887475729,0.8467419147491455,0.5408749580383301,NOP16
0.960947573184967,0.022755686193704605,0.6328815221786499,0.5768607258796692,CHTF8
0.9490830898284912,0.03149018809199333,0.7341140508651733,1.1973110437393188,PPAN
0.9678186774253845,0.018678173422813416,0.8235321640968323,0.4385317265987396,NOP58
0.9679962992668152,0.01884065754711628,0.6555770635604858,0.5870757699012756,SUPT4H1
0.9689334630966187,0.018631648272275925,0.9495939016342163,0.6410868167877197,CDT1
0.9968754649162292,0.0018215846503153443,0.9669445157051086,0.06407500803470612,CYS1
0.9491364359855652,0.02845950797200203,0.8579420447349548,0.44982582330703735,SUPT6H
0.9732736349105835,0.015360577963292599,0.9042330980300903,0.6576377153396606,HSPA9
0.9852863550186157,0.009258794598281384,0.9811074137687683,0.31989920139312744,MTOR
0.969035804271698,0.018535403534770012,0.9339810609817505,0.3372739255428314,HINFP
0.9257981777191162,0.04094843566417694,0.4598580300807953,1.7533998489379883,PSMC6
0.9865962862968445,0.007629073690623045,0.9809121489524841,0.2574525475502014,DYNC1H1
0.9787076711654663,0.013287982903420925,0.8611619472503662,0.5185092687606812,DDX55
0.9797451496124268,0.012716874480247498,0.9732208251953125,0.15695378184318542,AFG3L2
0.9670473337173462,0.019506873562932014,0.7418985962867737,0.6617673635482788,RPL34
0.9927940368652344,0.004398331046104431,0.9792736172676086,0.041236937046051025,KDM8
0.9945662021636963,0.0031756104435771704,0.8893023133277893,0.029651690274477005,OR4N2
0.9766850471496582,0.01340602245181799,0.8052615523338318,0.4998190999031067,NSF
0.9965149760246277,0.0020112674683332443,0.9852384924888611,0.02591485157608986,KRTAP4-7
0.9712868928909302,0.017514320090413094,0.8274806141853333,0.5765565633773804,RPF1
0.9831417202949524,0.009799751453101635,0.9521110653877258,1.0330065488815308,HSPD1
0.9974343180656433,0.0014886112185195088,0.9770650863647461,0.04091625660657883,DPH1
0.9458179473876953,0.03264423459768295,0.9681751132011414,1.0008840560913086,RPP38
0.9875181913375854,0.007917286828160286,0.8131595849990845,0.30041244626045227,GARS
0.995294988155365,0.0027380657847970724,0.9231709241867065,0.022122759371995926,HIST1H2BN
0.9610578417778015,0.022849811241030693,0.6741395592689514,0.7723613977432251,CDC37
0.9774243235588074,0.013021375052630901,0.8585396409034729,0.20449693500995636,GLMN
0.996574878692627,0.0020114940125495195,0.9667060971260071,0.07326803356409073,HUS1
0.9589793086051941,0.024350924417376518,0.6671980619430542,0.8048640489578247,INTS9
0.983898401260376,0.009967912919819355,0.8815857172012329,0.33960670232772827,CHEK1
0.9949914216995239,0.003000310156494379,0.9841004014015198,0.03208068013191223,VPS37A
0.9500837922096252,0.031118836253881454,0.6340696215629578,1.293358325958252,RPL30
0.9805392026901245,0.011836573481559753,0.7131157517433167,0.6349038481712341,SHQ1
0.9852487444877625,0.008536888286471367,0.9121535420417786,0.07216833531856537,UBA1
0.996717631816864,0.0019434092100709677,0.9835001230239868,0.060435108840465546,ATP6AP2
0.9713047742843628,0.017112907022237778,0.8411341309547424,0.8987822532653809,EXOSC1
0.9694497585296631,0.01855357550084591,0.7503868937492371,0.7522369623184204,RPLP0
0.9930080771446228,0.004091870039701462,0.8804875016212463,0.055297184735536575,HMGN2
0.9776571989059448,0.013572477735579014,0.7933919429779053,0.4094318747520447,DAD1
0.9811980128288269,0.01115926168859005,0.8461098074913025,0.29324498772621155,GEMIN4
0.9541652202606201,0.028960516676306725,0.6091357469558716,1.1624888181686401,WDR55
0.9925691485404968,0.004310302436351776,0.9318956732749939,0.1392868012189865,WTAP
0.9975768327713013,0.0014448158908635378,0.992975652217865,0.010795624926686287,PCBP2
0.9936885833740234,0.003773631528019905,0.9877751469612122,0.04956661909818649,CHCHD1
0.9851198792457581,0.008996029384434223,0.8718956708908081,0.35165899991989136,CENPN
0.9835474491119385,0.009853421710431576,0.8839961886405945,0.2663536071777344,EIF3H
0.9290515184402466,0.03949436545372009,0.5016133785247803,1.6398664712905884,PSMD1
0.9668533802032471,0.02005939744412899,0.7216166257858276,0.5130148530006409,RPS3
0.9680393934249878,0.019398048520088196,0.5736798644065857,0.756571888923645,PRPF4
0.9662832617759705,0.020028971135616302,0.8823553323745728,0.5879827737808228,WDR46
0.9955464601516724,0.0025851272512227297,0.980455756187439,0.06263315677642822,EMC7
0.9916832447052002,0.004756920039653778,0.9606641530990601,0.12306469678878784,MZT1
0.9693460464477539,0.018597211688756943,0.8815189599990845,0.3604823350906372,RBBP5
0.9812819361686707,0.011722412891685963,0.8968225121498108,0.18575648963451385,SKP1
0.9920327663421631,0.00471081305295229,0.9532942771911621,0.35919469594955444,TRMT10C
0.9961116909980774,0.002419931348413229,0.9801576733589172,0.06227080151438713,RNF8
0.9960088133811951,0.0023437398485839367,0.9794200658798218,0.029005298390984535,HIST1H2BL
0.9524778723716736,0.030758656561374664,0.9519968032836914,1.178192377090454,POP1
0.9417060017585754,0.03271114081144333,0.5948321223258972,0.6290647387504578,TAF12
0.9404750466346741,0.0387781523168087,0.9177892804145813,0.43408313393592834,SEC62
0.972603976726532,0.016310645267367363,0.537093997001648,0.6567913889884949,FARSA
0.983235239982605,0.010064191184937954,0.8602961897850037,0.3504486083984375,POLR3C
0.9707150459289551,0.017381243407726288,0.861070454120636,0.5547886490821838,CCDC174
0.9923231601715088,0.004523897543549538,0.8768733143806458,0.06554938852787018,SLC25A3
0.9739754796028137,0.015498638153076172,0.6607286930084229,0.6484135985374451,RARS
0.9221482276916504,0.04714863374829292,0.4715045988559723,1.375596284866333,RPL27
0.9765074849128723,0.014020567759871483,0.8522152900695801,0.32137948274612427,PHF5A
0.9857664108276367,0.008307965472340584,0.8710818290710449,0.022202054038643837,OR4K1
0.9777323007583618,0.013279000297188759,0.9439518451690674,0.6564356684684753,CDK1
0.9831019043922424,0.010295488871634007,0.9680456519126892,0.21726831793785095,GTPBP4
0.9949222803115845,0.0030047292821109295,0.9924237728118896,0.02880415879189968,NDUFAF3
0.9957184791564941,0.0025366879999637604,0.9739661812782288,0.02306285873055458,ZNF100
