Dataset,Model,Pearson ρ (Top-20 DE),MSE (Top-20 DE),Pearson ρ (All),MSE (All),N Test Targets
dixit,Control Mean,0.9939589924052892,0.008092762851990428,0.9995074454111188,0.00013250828118053468,4
dixit,Mean Shift,0.9952939629915272,0.006139418014537436,0.9995578931396345,0.00011858400823535381,4
dixit,BioTransferNet (Ours),0.9949944967304029,0.006390228069794575,0.9992674140237119,0.00020530040146929992,4
adamson,Control Mean,0.907248724421303,0.12042107517746362,0.996061151464168,0.0008128210584717718,11
adamson,Mean Shift,0.9275088672187949,0.08444852602075446,0.9963932871791088,0.000728332236493853,11
adamson,BioTransferNet (Ours),0.9143761187063268,0.10769569577479904,0.985590903779923,0.0033811124971676195,11
norman,Control Mean,0.8303859223052307,0.4761987470835447,0.9912453795131314,0.0016783124132780359,25
norman,Mean Shift,0.878800041275802,0.33824931383132933,0.9940744967901121,0.001056541312718764,25
norman,BioTransferNet (Ours),0.9556134012407478,0.10982049610465765,0.996547581849772,0.0006200143042951823,25
