Dataset,Model,Pearson ρ (All),MSE (All),Pearson ρ (Top-20 DE),MSE (Top-20 DE),N Test Targets
adamson,Control Mean,0.9960611515,0.0008128211,0.9072487244,0.1204210752,11
adamson,Mean Shift,0.9963932872,0.0007283322,0.9275088672,0.084448526,11
dixit,Control Mean,0.9995074454,0.0001325083,0.9939589924,0.0080927641,4
dixit,Mean Shift,0.9995578931,0.000118584,0.995293963,0.0061394188,4
norman,Control Mean,0.9912453795,0.0016783124,0.8303859223,0.4761987471,25
norman,Mean Shift,0.9940744968,0.0010565413,0.8788000413,0.3382493138,25
replogle_k562_essential,Control Mean,0.9933601967,0.0036450708,0.9033189714,0.1550460003,207
replogle_k562_essential,Mean Shift,0.9937701239,0.0033847413,0.9095012397,0.1390330187,207
replogle_k562_gwps,Control Mean,0.9886730625,0.0064509925,0.8032315996,0.1304810896,986
replogle_k562_gwps,Mean Shift,0.9887136221,0.006425216,0.8042928799,0.1283635845,986
replogle_rpe1,Control Mean,0.9782737337,0.0117484003,0.7330852738,0.6099477072,240
replogle_rpe1,Mean Shift,0.9842859219,0.0084168963,0.8427406149,0.3381481142,240
